url,timeAdded
https://www.ebay.com/itm/Sony-PSP-1001-Handheld-System-Quick-Reference/164618078987,1609454891.6883056
https://www.ebay.com/itm/Sony-PSP-1001-Handheld-System-Instruction-Manual-Owner-s-Book/164618077148,1609454893.1068683
https://www.ebay.com/itm/Sony-PlayStation-Portable-PSP-1001-Handheld-Game-System-UNTESTED-AS-IS-READ/203234589219,1609454894.5735111
https://www.ebay.com/itm/Sony-PlayStation-Portable-PSP-1001-Handheld-Game-System-UNTESTED-AS-IS-READ/203234543198,1609454895.814189
https://www.ebay.com/itm/Sony-PSP-Lot-of-8-Games-spongebob-WTF-CARS-IRON-MAN-ETC-AS-IS-not-tested/164617822615,1609454897.099696
https://www.ebay.com/itm/New-Original-Sony-PSP-Playstation-Portable-Faux-Leather-Wrist-Strap/154270099660,1609454898.3850327
https://www.ebay.com/itm/X12-Plus-7-16GB-Handheld-Retro-PSP-Video-Game-Consoles-Built-In-10000-Games/274616969355,1609454899.6692634
https://www.ebay.com/itm/Sony-Psp-1001-Lente/203234888976,1609458634.294511
https://www.ebay.com/itm/X6-4-3-8GB-PSP-Portable-Handheld-Video-Game-Console-10000-Games-Camera-2021-HM/193830228299,1609470253.5826862
https://www.ebay.com/itm/Sony-PSP-Handheld-Game-System-For-parts-or-repair-not-working/174579049849,1609476561.90033
https://www.ebay.com/itm/The-Simpsons-Game-Sony-PSP-2007-UMD-DISC-ONLY-TESTED/333843992505,1609527318.105509
https://www.ebay.com/itm/Harry-Potter-Order-of-the-Phoenix-Sony-PSP-Game/224301163322,1609527319.9212937
https://www.ebay.com/itm/Lot-of-2-PSP-Games-World-Series-of-Poker-and-World-Championship-Poker-2/224301163325,1609527321.2108762
https://www.ebay.com/itm/NBA-07-Kobe-Bryant-Sony-PSP-Game/373414260807,1609527322.449343
https://www.ebay.com/itm/Worms-Open-Warfare-2-Sony-PSP-2007/154272225461,1609527323.6818545
https://www.ebay.com/itm/Official-OEM-Sony-PSP-Hard-Shell-Travel-UMD-Storage-Case-NEW-in-Original-Package/224301155973,1609527324.9019022
https://www.ebay.com/itm/2-NYKO-Pocket-Cases-Sony-PSP-UMD-Travel-Storage-Cases-NEW-in-Package/224301152982,1609527326.211245
https://www.ebay.com/itm/Kingdom-Hearts-Birth-by-Sleep-Final-Mix-Sony-PSP-2011/154272223142,1609527327.4980178
https://www.ebay.com/itm/Metal-Gear-Solid-Portable-Ops-Sony-PSP/363242386902,1609527328.8217242
https://www.ebay.com/itm/Grand-Theft-Auto-Chinatown-Wars-Sony-PSP-2009-with-poster/193831243126,1609527330.1488886
https://www.ebay.com/itm/Ridge-Racer-Sony-PSP-2005/193831239391,1609527331.4184492
https://www.ebay.com/itm/Jeanne-dArc-Sony-PSP-2007-Playstation-Portable/254823054146,1609527332.7190485
https://www.ebay.com/itm/Growlanser-Wayfarer-of-Time-Sony-PSP-2012-Playstation-Portable/254823052335,1609527333.9604452
https://www.ebay.com/itm/The-Boogeyman-UMD-2005-Universal-Media-Disc-PSP/402630007851,1609527335.1740377
https://www.ebay.com/itm/The-Sims-2-UMD-Sony-PlayStation-Portable-PSP-2005-Complete-w-Manual/293936754643,1609527336.47236
https://www.ebay.com/itm/Patapon-Sony-PSP-Brand-New-Fast-Shipping/284134450726,1609527337.7501523
https://www.ebay.com/itm/NBA-Live-2008-PSP-DISC-ONLY-NO-CASE/124510001327,1609527338.999697
https://www.ebay.com/itm/Capcom-Classics-Collection-Reloaded-Sony-PSP-2006-Game-Disc-Only-Tested-Work/274632974358,1609527340.3911586
https://www.ebay.com/itm/Fun-with-Dick-and-Jane-UMD-2006-Umd-Movie-For-Sony-PSP-PlayStation-Portable/293936744109,1609527341.7484102
https://www.ebay.com/itm/The-Nightmare-Before-Christmas-UMD-2005-PSP-Movie/324438704737,1609527343.08952
https://www.ebay.com/itm/FOR-PARTS-Untested-Sony-PSP-1001-Playstation-Portable-Console-Only-See-Photos/154272387222,1609537066.4696817
https://www.ebay.com/itm/Sony-PSP-2001-Silver-For-Repair-or-Parts/284134592848,1609537259.007932
https://www.ebay.com/itm/Genuine-Sony-PSP-100-Charger-5V-2000mA-AC-Adapter-For-Sony-PSP-1001-2001-3001/373414428796,1609539892.178213
https://www.ebay.com/itm/Mahjong-tournament-Koei-classic-series-PSP-From-Japan/164620290730,1609543620.5088804
https://www.ebay.com/itm/Shin-Sangoku-Musou-Multi-Raid-PSP-the-Best-Japan-Import-From-Japan/164620290698,1609543682.9438138
https://www.ebay.com/itm/SONY-PSP-BLACK-CONSOLE-PSP-3001-PARTS-OR-REPAIR-No-Battery-A3/254823336968,1609555275.4512854
https://www.ebay.com/itm/Smash-Court-Tennis-Sony-Psp-inv-3731/224302191427,1609573235.9455607
https://www.ebay.com/itm/Sony-PSP-2000-64MB-Ice-Silver-Handheld-System/313366922096,1609573238.4699855
https://www.ebay.com/itm/Original-Sony-Playstation-Portable-Console-PSP-1001-Needs-Joystick/402631187262,1609615447.56894
https://www.ebay.com/itm/OEM-Genuine-Sony-PSP-PSP-100-Charger-Adapter/184605652169,1609617527.5942361
https://www.ebay.com/itm/OEM-Original-Sony-PSP-100-Charger-5V-AC-Adapter-For-Sony-PSP-1001-2001-3001/233844635884,1609626030.3470795
https://www.ebay.com/itm/MLB-10-The-Show-Sony-PSP-2010-Brand-New-With-Hole-In-UPC/333845237615,1609635940.593282
https://www.ebay.com/itm/2010-FIFA-World-Cup-South-Africa-Sony-PSP-2010/174581117772,1609635941.9089017
https://www.ebay.com/itm/The-Amityville-Horror-UMD-Movie-2005-UMD-for-PSP-Ryan-Reynolds-Melissa-George/303833926658,1609635943.3002
https://www.ebay.com/itm/Class-of-Heroes-Sony-PSP-2009-complete-and-working/203236751316,1609635944.5553303
https://www.ebay.com/itm/Fantastic-Four-UMD-2005-UMD-for-PSP-Jessica-Alba-Chris-Evans-Gently-Used/303833926241,1609635945.7804072
https://www.ebay.com/itm/The-Boogeyman-UMD-2005-UMD-for-PSP-Barry-Watson-Emily-Deschanel-Gently-Used/303833925780,1609635947.0902472
https://www.ebay.com/itm/Patapon-3-Sony-PSP-2011-Brand-New-With-Hole-In-UPC/333845235040,1609635948.3907566
https://www.ebay.com/itm/GameDr-PortaLock-Excelerator-Series-Lock-for-Sony-PSP-PlayStation-Portable-NIP/164622198095,1609635949.701782
https://www.ebay.com/itm/Glare-Shield-Pop-Up-Screen-Protector-for-Sony-PSP-Game-System-New-by-Game-DR/154274230436,1609635950.973041
https://www.ebay.com/itm/Stuart-Little-3-Call-of-the-Wild-UMD-2005-UMD-for-PSP-All-Animated-Used/303833924673,1609635952.256384
https://www.ebay.com/itm/The-Grudge-UMD-Movie-2004-For-PSP-Sarah-Michelle-Geller-Factory-Sealed-New/303833924390,1609635953.5102105
https://www.ebay.com/itm/Sony-PlayStation-Portable-Parts-Bag-E/154274228117,1609635954.7709851
https://www.ebay.com/itm/Sony-PlayStation-Portable-Parts-Bag-D/164622190945,1609635956.0382552
https://www.ebay.com/itm/FIFA-Soccer-07-Game-for-Sony-PSP-Complete-with-Manual/174581106915,1609635957.3128743
https://www.ebay.com/itm/Cars-Sony-PSP-Game-2006-Disney-Pixar-CIB-WITH-MANUAL/133626091725,1609635958.554677
https://www.ebay.com/itm/Sony-PlayStation-Portable-Parts-Bag-C/154274223499,1609635959.828323
https://www.ebay.com/itm/Sony-PlayStation-Portable-Parts-Bag-B/154274222814,1609635961.1491182
https://www.ebay.com/itm/Sony-PlayStation-Portable-Parts-Bag-A/154274222002,1609635962.3995707
https://www.ebay.com/itm/PSP-Game-Thrillville-PlayStation-Portable-Complete-Build-Amusement-Park/174581102419,1609635963.7633533
https://www.ebay.com/itm/Monster-Jam-Urban-Assault-PlayStation-Portable-PSP-MINT-COMPLETE/203236743364,1609635965.0816002
https://www.ebay.com/itm/Ratchet-Clank-Size-Matters-Sony-PSP-2007-New-Sealed/274634362208,1609635966.3929615
https://www.ebay.com/itm/Need-for-Speed-Most-Wanted-5-1-0-510-Sony-PSP-2005-BRAND-NEW-Factory-Sealed/274634362051,1609635967.7494278
https://www.ebay.com/itm/NASCAR-Sony-PSP-Game-UMD-ONLY/133626085615,1609635969.0622976
https://www.ebay.com/itm/Sega-Rally-Revo-Sony-Playstation-PSP-2007-PSP-Video-Game-Complete/203236742669,1609635970.406379
https://www.ebay.com/itm/Spider-Man-3-UMD-for-PSP-BRAND-NEW-Free-Shipping/274634361901,1609635971.6849754
https://www.ebay.com/itm/Secret-Agent-Clank-PlayStation-PSP-UMD-Brand-New-Ratchet-Sealed/274634361742,1609635972.8845844
https://www.ebay.com/itm/Ape-Escape-On-the-Loose-Sony-PSP-2005-Greatest-Hits-Brand-New-Sealed/274634361526,1609635974.2103786
https://www.ebay.com/itm/Sony-Playstation-Portable-PSP-PSP-290-GPS-Receiver-Attachment-MINT-CONDITION/333845213855,1609635975.4832885
https://www.ebay.com/itm/MLB-09-The-Show-PSP-Sealed-small-tear-in-plastic-CIB-Sony-PSP/124511586901,1609635976.7804902
https://www.ebay.com/itm/GOD-OF-WAR-Chains-of-Olympus-PSP-GAME-ONLY-FREE-SHIPPING/184605869931,1609635978.0827937
https://www.ebay.com/itm/Warriors-of-the-Lost-Empire-Sony-PlayStation-Portable-PSP-COMPLETE-CIB-LikeNew/324439836711,1609635979.3609185
https://www.ebay.com/itm/Harvey-Birdman-PSP-New-Sony-PSP-Sony-PSP/402631384885,1609635980.648727
https://www.ebay.com/itm/F641-Sony-PSP-3000-console-Piano-Black-Handheld-system-JUNK-for-parts/373415705244,1609641058.247459
https://www.ebay.com/itm/Sony-PlayStation-Portable-PSP-1001-AS-IS-FOR-PARTS-OR-REPAIR-Good-Display/143907370020,1609698962.6455798
https://www.ebay.com/itm/Neon-Genesis-Evangelion-2-Sony-PSP-Japan-Import-US-Seller/193834522049,1609731762.3421865
https://www.ebay.com/itm/Sony-PSP-100-Charger-AC-Adapter-PSP-100-Original-OEM-Genuine-Sony/313369306119,1609786236.847485
https://www.ebay.com/itm/psp-2000-psp-3000-blue-parts-as-is/254825445722,1609786239.4868062
https://www.ebay.com/itm/BROTHERS-CONFLICT-Brilliant-Blue-Regular-Edition-for-PSP-Japan-Im-From-Japan/164624980972,1609786240.948123
https://www.ebay.com/itm/PSP-From-Japan/164625505673,1609790314.2857354
https://www.ebay.com/itm/Genuine-Sony-PSP-100-Charger-5V-2000mA-AC-Adapter-For-Sony-PSP-1001-2001-3001/114613060878,1609791785.1372535
https://www.ebay.com/itm/Mercury-Version-Ntsc-Psp-inv-4383/324441807630,1609794849.676444
https://www.ebay.com/itm/Sony-PlayStation-Portable-Console-PSP-Black-PSP-For-Parts-or-Repair/114613382687,1609805250.6890907
https://www.ebay.com/itm/Sony-PSP-2001-God-of-War-Edition-Europe-plug-for-parts/154277222312,1609807209.1940134
https://www.ebay.com/itm/4-3-8GB-Handheld-Retro-PSP-Video-Game-Console-Built-In-10000-Games-Kids-Gift/274636859419,1609828229.4602938
https://www.ebay.com/itm/Sony-PSP-100-Charger-5V-AC-Adapter-For-Sony-PSP-1001-2001-3001-Genuine-OEM/193836387739,1609830675.0206134
https://www.ebay.com/itm/Sony-PSP-100-Charger-5V-AC-Adapter-For-Sony-PSP-1001-2001-3001-Genuine-OEM/203239088222,1609866376.119349
https://www.ebay.com/itm/Sony-PSP-3000-3001Black-Console-AS-IS-PARTS-ONLY/124515239818,1609877803.629712
https://www.ebay.com/itm/Sony-PSP-2001-Black-Untested-AS-IS-FOR-PARTS-Cracked-Battery-Cover/313370909632,1609882520.2016973
https://www.ebay.com/itm/Genuine-OEM-Sony-PSP-100-Charger-5V-AC-Adapter-For-Sony-PSP-1001-2001-3001/143909481805,1609885885.635856
https://www.ebay.com/itm/Justice-League-Heroes-Sony-PSP-game-X2-X-men-United-Crash/133628981773,1609895491.3932033
https://www.ebay.com/itm/Valkyria-Chronicles-2-Sony-PSP-2010-Disc-Only-Tested-Works/143909574634,1609895492.8732657
https://www.ebay.com/itm/Official-Sony-PlayStation-PS3-PSP-USB-AC-Adapter-New-Factory-Sealed/193837548449,1609895494.168379
https://www.ebay.com/itm/Kingdom-Hearts-Birth-By-Sleep-PSP-Complete-Tested/265003079815,1609895495.7128973
https://www.ebay.com/itm/Metal-Gear-Acd-Sony-PSP-2005-NO-MANUAL/402635318579,1609895497.0025008
https://www.ebay.com/itm/The-Silent-Hill-Experience-PSP-No-Manual-Tested/265003047247,1609895498.5200825
https://www.ebay.com/itm/Grand-Theft-Auto-Vice-City-Stories-Sony-PSP-2006-GAME-CARTRIDGE-ONLY/402635315322,1609895499.8471143
https://www.ebay.com/itm/Hot-Shots-Tennis-Get-A-Grip-Psp-GAME-NEW/233848409911,1609895501.2252798
https://www.ebay.com/itm/Pixeljunk-Monsters-Deluxe-Psp-GAME-NEW/233848409813,1609895502.4851298
https://www.ebay.com/itm/Il-2-Sturmovik-Birds-Of-Prey-Psp-GAME-NEW/233848409725,1609895503.7911742
https://www.ebay.com/itm/PSP-SPORTS-MAJOR-LEAGUE-BASEBALL-2K9-NLA-PSP-NEW/233848406267,1609895505.1854281
https://www.ebay.com/itm/PSP-ACTION-PSP-2-PACK-M-RATED-SOCOM-FTB-SYPHON-FILTER-DM-NLA-PSP-NEW/233848405484,1609895506.6595607
https://www.ebay.com/itm/Pro-Evolution-Soccer-2012-Psp-GAME-NEW/233848397652,1609895508.3655694
https://www.ebay.com/itm/Rapala-Trophies-Sony-PSP-2006-Game-with-case-manual/174584639772,1609895511.5893464
https://www.ebay.com/itm/Monster-Hunter-Freedom-2-Psp-GAME-NEW/233848392043,1609895513.0831065
https://www.ebay.com/itm/Brothers-In-Arms-D-Day-Psp-GAME-NEW/233848391451,1609895514.5512211
https://www.ebay.com/itm/Scarface-Money-Power-Respect-Sony-PSP-2006/164627886621,1609895516.376816
https://www.ebay.com/itm/Grand-Theft-Auto-Vice-City-Stories-Sony-PSP-2006/164627882425,1609895517.8201346
https://www.ebay.com/itm/Labyrinth-PlayStation-Portable-UMD-Movie-PSP-Complete/203239594743,1609895519.4967892
https://www.ebay.com/itm/Dark-Crystal-PlayStation-Portable-UMD-Movie-PSP-Complete/203239593185,1609895521.1487734
https://www.ebay.com/itm/PSP-S110-Battery-for-Sony-PSP-2th-Silm-Lite-PSP-2000-PSP-3000-PSP-3004/393083647202,1609895522.6034153
https://www.ebay.com/itm/Iron-Man-With-Manual-Sony-PSP-2008-Very-Nice/184609615955,1609895524.2465546
https://www.ebay.com/itm/PQ2-Practical-Intelligence-Quotient-2-Sony-PSP-2007/174584593863,1609895525.802346
https://www.ebay.com/itm/PQ-Practical-Intelligence-Quotient-Sony-PSP-2006/174584593254,1609895527.2520914
https://www.ebay.com/itm/Mega-Man-Maverick-Hunter-X-Sony-Playstation-PSP-Great-Condition-Tested/184609610903,1609895528.7814002
https://www.ebay.com/itm/Jeanne-dArc-Sony-PSP-2007/174584591246,1609895530.3368936
https://www.ebay.com/itm/LocoRoco-2-Video-Game-Sony-PSP-2009/274637937708,1609895531.8150811
https://www.ebay.com/itm/Genuine-Sony-PSP-100-Charger-5V-2000mA-AC-Adapter-For-Sony-PSP-1001-2001-3001/265003381287,1609906726.2757406
https://www.ebay.com/itm/SONY-PlayStation-Portable-PSP-1001-for-Parts-or-Repair-Wont-Read-Games/402635614143,1609911133.7960234
https://www.ebay.com/itm/Sony-PSP-1004-Handheld-w-Charger-White-For-Parts-or-Repair/114616711957,1609953743.526485
https://www.ebay.com/itm/Sony-PSP-Portable-Console-Black-PSP-E1004-For-Parts-or-Repair/114616663483,1609953745.945542
https://www.ebay.com/itm/Sony-PSP-1004-Handheld-Black-Electronic-PlayStation-Bad-Screen/114616634325,1609953747.3042967
https://www.ebay.com/itm/Sony-PSP-3003-handheld-Black-Electronic-PlayStation-Bad-Screen/114616633129,1609953748.9890206
https://www.ebay.com/itm/Sony-PSP-100-Charger-Adapter-5V-2000ma-Official-Sony-psp-charger-FreeShip/154279982314,1609959877.301194
https://www.ebay.com/itm/PSP-1001-K-console-black-PlayStation-Portable-game-console-system/333849468110,1609995762.334906
https://www.ebay.com/itm/Sony-PSP-100-Charger-5V-AC-Adapter-For-Sony-PSP/154280979805,1610038114.87613
https://www.ebay.com/itm/Sony-PSP-3001-Handheld-Console-System-wont-read-disc-As-Is/133630817947,1610041650.621681
https://www.ebay.com/itm/Metallica-Classic-Album-UMD-Movie-2005-PSP/124518150774,1610047531.6363835
https://www.ebay.com/itm/PSP-Pouch-Black-Mesh-Material-Inside-Sony-Storage-Pocket-Size/233850603668,1610047533.4752712
https://www.ebay.com/itm/Crisis-Core-Final-Fantasy-VII-7-Shinra-UMD-Case-PSP-With-God-Of-War-Demo/184611686281,1610047534.9114175
https://www.ebay.com/itm/Need-for-Speed-Most-Wanted-Sony-PSP/393086865774,1610047536.2192895
https://www.ebay.com/itm/The-Silent-Hill-Experience-2006-Sony-PSP-UMD-Only-EX-COND/184611682922,1610047537.668792
https://www.ebay.com/itm/LocoRoco-2-PSP-New-Sony-PSP/402637430852,1610047539.125206
https://www.ebay.com/itm/Rainbow-Six-Vegas-PSP-New-Sony-PSP/383892992034,1610047540.4180431
https://www.ebay.com/itm/PSP-Movie-The-Karate-Kid-Sony-Playstation/143911257350,1610047541.7567194
https://www.ebay.com/itm/Frogger-Helmet-Chaos-Sony-PSP-DVD-Rom-Complete-See-Pictures/274639839801,1610047543.110324
https://www.ebay.com/itm/Buzz-Master-Quiz-for-PSP-Portable-Brand-New-Factory-Sealed/363249864675,1610047544.482606
https://www.ebay.com/itm/PSP-FIFA-Soccer/353345477171,1610047545.7474835
https://www.ebay.com/itm/PSP-Dead-to-Rights-Reckoning/353345476014,1610047547.0303354
https://www.ebay.com/itm/Prinny-Can-I-Really-Be-the-Hero-Sony-PSP-2009/353345458800,1610047548.24032
https://www.ebay.com/itm/Capcom-Classics-Reloaded-PSP-New-Sony-PSP/383892891032,1610047549.6892166
https://www.ebay.com/itm/Accuform-Mhzw14psp-Non-Regulated-Waste-Label-6-In-W-Pk25/383892888235,1610047552.4479518
https://www.ebay.com/itm/EyePet-Your-Virtual-Pet-PlayStation-Portable-2010-PSP-CAMERA-INCLUDED/124518068660,1610047553.7402298
https://www.ebay.com/itm/National-Treasure-2-Full-Movie-on-UMD-Sony-PSP-TESTED-12057-Disc-Only/124518062709,1610047555.068558
https://www.ebay.com/itm/PaRappa-The-Rapper-Sony-PSP/274639766905,1610047556.3582766
https://www.ebay.com/itm/SONY-PSP-PlayStation-Portable-Tales-Of-The-World-Radiant-Mythology-CIB/333850094695,1610047558.4069617
https://www.ebay.com/itm/1pc-Battery-Back-Door-Cover-Protective-Case-for-Sony-PSP-1000-Replacement-20/164631141695,1610047559.626709
https://www.ebay.com/itm/Lara-Croft-Tomb-Raider-Anniversary-Sony-PSP-Game-in-VG-Condition-Complete-CIB/184611527748,1610047560.8680902
https://www.ebay.com/itm/1-2m-USB-Port-Charging-Data-Cable-for-SONY-PSP-Game-Console-20/164631139705,1610047562.1895885
https://www.ebay.com/itm/9-in-1-Screwdriver-Set-Repair-Tools-Kit-3-8-4-5-T6-T8-for-switch-GB-GBA-3DS-PSP/293944599118,1610047563.4518845
https://www.ebay.com/itm/Grand-Theft-Auto-Vice-City-Liberty-City-Stories-PSP-UMD-LOOSE-GTA-BUNDLE-LOT/184611523217,1610047564.8197188
https://www.ebay.com/itm/Sony-PlayStation-Portable-PSP-1001-Handheld-Game-System-FOR-PARTS-READ/154281694962,1610051673.0488636
https://www.ebay.com/itm/Dissidia-Final-Fantasy-Psp-inv-3757/324445405203,1610053759.007547
https://www.ebay.com/itm/The-Simpsons-Game-Sony-PlayStation-PSP-2007-COMPLETE/265005650272,1610066185.3216588
https://www.ebay.com/itm/Ratchet-Clank-Size-Matters-Sony-PSP-2007/224308511568,1610066188.3721023
https://www.ebay.com/itm/PSP-PlayStation-Portable-UMD-Game-GTA-Grand-Theft-Auto-Vice-City-Stories-Map/224308510307,1610066190.7236395
https://www.ebay.com/itm/Kiss-Alive-4988005677273-CD-Used-Very-Good/184612047875,1610066192.0371208
https://www.ebay.com/itm/PlayStation-Portable-PSP-2000-Slim-Logitech-Protection-Hard-Case/265005643493,1610066193.305239
https://www.ebay.com/itm/Pursuit-Force-2-Extreme-Justice-PSP-New-Sony-PSP/402637729519,1610066194.5658069
https://www.ebay.com/itm/Ghostbusters-PSP-UMD-Video-Movie-Action-Adventure-Comedy/224308498970,1610066195.851253
https://www.ebay.com/itm/Official-Sony-OEM-PSP-AC-Adapter-Charger-Cord-PSP-1000-2000-3000-Very-Good/174587209304,1610066197.1297848
https://www.ebay.com/itm/Lot-2-PSP-Wrestling-Tombstone-History-Of-Undertaker-Monday-Night-War-Disc/193840413456,1610066198.4299781
https://www.ebay.com/itm/USB-Charger-Durable-Efficient-Travel-5V-1A-Portable-Safe-USB-Charger-for-PSP-MP5/293945765742,1610066199.7238653
https://www.ebay.com/itm/SONY-PSP-120-REMOTE-CONTROL-FOR-PSP-1000/265005629274,1610066201.3034163
https://www.ebay.com/itm/NEW-Crystal-Clear-Hard-Case-Cover-Shell-Protector-for-Sony-PS-Vita-PSP-PSV-1000/143911545522,1610066203.533529
https://www.ebay.com/itm/Sony-Computer-Entertainment-PSP-2000-AV-Cable-FREE-SHIPPING/293945763688,1610066204.8536239
https://www.ebay.com/itm/Lot-Of-2-PSP-Game-Discs-Assasin-s-Creed-Bloodlines-Family-Guy-Freakin-Sweet/265005615547,1610066206.1089065
https://www.ebay.com/itm/LEGO-Batman-The-Videogame-Sony-PSP-2008-CIB-Complete-Tested-Works/265005603574,1610066207.3996394
https://www.ebay.com/itm/Lot-4-Sony-PSP-UMD-Adult-MTV-Viva-La-Bam-Vol-2-3-4-Wild-Boys-Vol-2/203241971386,1610066208.6260958
https://www.ebay.com/itm/The-Simpsons-Game-Sony-PlayStation-PSP-2007-COMPLETE-Case-Manual-Game/265005602056,1610066209.9822896
https://www.ebay.com/itm/Hellboy-The-Science-of-Evil-Sony-PSP-Game-Only-Tested-DH17/203241961930,1610066211.3647294
https://www.ebay.com/itm/SOCOM-U-S-Navy-SEALs-Fireteam-Bravo-2-Sony-PSP-2006-Game-Only-DH5/203241959223,1610066212.715078
https://www.ebay.com/itm/Ratchet-Clank-Size-Matters-Sony-PSP-2007-Game-Only-Tested-Authentic-DH6/203241958641,1610066213.9973278
https://www.ebay.com/itm/Official-Genuine-OEM-AC-Adapter-for-Sony-PSP-1000-2000-3000-Wall-Charger/193840365658,1610066215.2899685
https://www.ebay.com/itm/Twisted-Metal-Head-On-game-only-Sony-Playstation-Portable-PSP-DH8-9/203241958019,1610066216.560912
https://www.ebay.com/itm/Hot-Wheels-Ultimate-Racing-Sony-PSP-2007-Game-Only-Tested-DH13/203241957170,1610066217.8053706
https://www.ebay.com/itm/SNOOPY-VS-THE-RED-BARON-Sony-Playstation-Portable-PSP-Disc-Only-Tested/193840357716,1610066219.10132
https://www.ebay.com/itm/PSP-Games-Madden-08-Transformers-Star-Wars-Battlefront-Renegade-Squadron/164631766125,1610066221.1786704
https://www.ebay.com/itm/Kingdom-Hearts-Birth-by-Sleep-Sony-PSP-2010-Game-Manual-Disney-Mickey-Anime/265005583601,1610066222.527538
https://www.ebay.com/itm/SONY-PSP-PlayStation-Portable-Blazing-Souls-Accelate-CIB-Tested-And-Works/333850403737,1610066223.81349
https://www.ebay.com/itm/PSP-STREET-SUPREMACY-ACCEPTABLE-CONDITION-NO-CASE-COVER-ART-NO-BOOK/114618865771,1610066225.0904684
https://www.ebay.com/itm/Killzone-Liberation-PSP-New-Sony-PSP/402637662730,1610066226.3938105
https://www.ebay.com/itm/Secret-Saturdays-Beasts-of-the-5th-Sun-PSP-New-Sony-PSP/383893362782,1610066227.6662128
https://www.ebay.com/itm/Lumines-Puzzle-Fusion-PSP-PlayStation-Portable-2005/265005581018,1610066228.9445062
https://www.ebay.com/itm/FOR-PARTS-OR-REPAIR-SONY-PlayStation-Portable-PSP-1001-w-charger/265005665055,1610067820.2297966
https://www.ebay.com/itm/Accuform-Mhzw505psp-Drum-Label-Drained-Used-Oil-6X6-In-Paper-25-Pk/383893748944,1610080854.4169657
https://www.ebay.com/itm/SONY-PSP-LOT-OF-5-UMD-MOVIES-BRAND-NEW-VIVA-LA-BAM-ROB-BIG-WILDBOYZ-HERO/193840741239,1610080856.2475936
https://www.ebay.com/itm/LCD-Screen-For-Sony-PSP-1000-1001-1002-1003-1004-1005-1008-F88789067890-1Z/303839567315,1610080857.557933
https://www.ebay.com/itm/Hot-Pixel-Sony-PSP-2007/284141152970,1610080859.1635754
https://www.ebay.com/itm/Office-Space-UMD-Movie-1999-For-PSP-Gary-Cole-Jennifer-Aniston/284141151523,1610080860.5220578
https://www.ebay.com/itm/Tiger-Woods-PGA-Tour-08-2008-PSP-Playstation-Portable-Brand-New-SEALED/313373627088,1610080861.893833
https://www.ebay.com/itm/Star-Wars-Battlefront-II-Sony-PSP-2005/393087429730,1610080863.3690968
https://www.ebay.com/itm/Flex-Cable-Ribbon-Board-For-SONY-PSP-Go-Screen-Motherboard-OEM-Replacement-LCD/383893726413,1610080864.6788456
https://www.ebay.com/itm/Valkyrie-Profile-Lenneth-Sony-PSP-2006-case-Game-Great-shape/254828587199,1610080865.962435
https://www.ebay.com/itm/Sony-PlayStation-PSP-100-5V-AC-Adapter-Power/143911718563,1610080867.2887554
https://www.ebay.com/itm/Gretzky-NHL-06-TESTED-CIB-Sony-PSP-2005/383893709714,1610080868.6168551
https://www.ebay.com/itm/Street-Fighter-Alpha-3-Max-2006-PSP-VGC-Complete-CIB-TESTED/303839531262,1610080869.9591928
https://www.ebay.com/itm/Full-Housing-Shell-Case-with-Button-Kit-for-So-ny-PSP2000-PSP2006-PSP3000Console/143911712481,1610080871.3005805
https://www.ebay.com/itm/Official-OEM-Sony-PlayStation-Portable-PSP-2000-Component-AV-TV-Video-Cable/233851057820,1610080872.7105215
https://www.ebay.com/itm/NBA-Live-06-Sony-PSP-2005-Complete/124518560633,1610080873.9792411
https://www.ebay.com/itm/Hot-Shots-Tennis-Get-a-Grip-Sony-PSP-2010/373421443226,1610080875.356261
https://www.ebay.com/itm/Hot-Shots-Golf-Open-Tee-Sony-PSP-2005/373421442545,1610080876.9540248
https://www.ebay.com/itm/Sony-PSP-1001-Unit-For-Parts-Or-Repair-With-Battery-and-32mb-Sony-Memory-Stick/114619213778,1610081246.6451037
https://www.ebay.com/itm/Sony-PlayStation-Portable-Black-PSP-1001-Not-Working-Parts-Repair/393088211218,1610124408.527082
https://www.ebay.com/itm/Sony-PSP-100-Charger-5V-AC-Adapter-For-Sony-PSP-1001-2001-3001-Genuine-OEM/124519392462,1610125083.3368402
https://www.ebay.com/itm/Star-Wars-Battlefront-II-2-Sony-PSP-UMD-Disc-Only/324446467245,1610129618.4581409
https://www.ebay.com/itm/Sony-PSP-3001-Piano-Black-Console-AS-IS-PARTS-ONLY/274641295789,1610138922.0886788
https://www.ebay.com/itm/As-Is-Sony-PSP-Untested-AS-IS/224309880663,1610154404.6153388
https://www.ebay.com/itm/A596-Sony-PSP-2000-console-Felicia-Blue-Handheld-system-Japan-JUNK-for-pats/373422598350,1610159183.5164094
https://www.ebay.com/itm/Transformers-The-Game-Sony-Playstation-PSP-Video-Game-Complete/154283588168,1610164994.856289
https://www.ebay.com/itm/WALL-E-Sony-PSP-2008-Disney-Pixar-Playstation-Portable-Complete/184613420609,1610164997.12311
https://www.ebay.com/itm/SanDisk-1GB-Memory-Stick-Duo-MagicGate-Mark2-Card-Sony-PSP-PlayStation-OEM/274641588783,1610164998.5684628
https://www.ebay.com/itm/Metal-Gear-Acid-Sony-PSP-2005-PSP-Complete/265007048489,1610164999.8811955
https://www.ebay.com/itm/PSP-Madden-NFL-12-Sony-PSP-2011-TESTED-COMPLETE/353347257368,1610165001.194196
https://www.ebay.com/itm/Hunterspider-Gaming-Headset-for-PS4-Sony-PSP-Noise-Canceling-Gaming-Headset/143912960908,1610165002.6148386
https://www.ebay.com/itm/Star-Wars-The-Force-Unleashed-Sony-PSP-2008/154283573565,1610165003.951141
https://www.ebay.com/itm/Intec-PSP-Leather-Case-New-Sealed/184613412106,1610165005.2800686
https://www.ebay.com/itm/Dragon-Ball-Z-Shin-Budokai-GH-Sony-PSP-2006-PlayStation-Complete/133632224390,1610165006.6715715
https://www.ebay.com/itm/Star-Wars-Lethal-Alliance-Sony-PSP-2006-CIB-Complete/133632223665,1610165007.9425166
https://www.ebay.com/itm/God-of-War-Chains-of-Olympus-Greatest-Hits-Sony-PSP-2007-Complete-cib-Tested/133632222563,1610165009.233549
https://www.ebay.com/itm/Star-Wars-Battle-Front-II-2-Sony-Psp-Complete/133632221388,1610165010.5415363
https://www.ebay.com/itm/Canvas-3-Nanairo-no-Kiseki-Playstation-Portable-PSP-Japan-Import-US-seller/203242968581,1610165011.8281946
https://www.ebay.com/itm/SpongeBob-SquarePants-The-Yellow-Avenger-Sony-PSP-2006/184613401619,1610165013.1336057
https://www.ebay.com/itm/Twisted-Metal-Head-On-Sony-PSP-2005-CIB-w-Manual-Game-Case-FREE-SHIPPING/133632219268,1610165014.4507842
https://www.ebay.com/itm/Midnight-Club-3-DUB-Edition-Sony-PSP-Complete-With-Box/133632214996,1610165015.8190763
https://www.ebay.com/itm/Syphon-Filter-Logans-Shadow-Sony-PSP-2007-UMD-Game-Disc-Only/383895232908,1610165017.3686318
https://www.ebay.com/itm/Wipeout-Pure-Sony-PSP-Complete-in-Box-CIB/324446901265,1610165018.6491244
https://www.ebay.com/itm/The-Warriors-Ultimate-Directors-Cut-Widescreen-PSP-UMD-Film-Movie/274641554079,1610165019.8806849
https://www.ebay.com/itm/Final-Fantasy-Sony-PSP-2007/274641554070,1610165021.1056414
https://www.ebay.com/itm/Phantasy-Star-Portable-Sony-PSP-Complete-in-Box-CIB/224309960818,1610165022.5920005
https://www.ebay.com/itm/Genuine-Sony-PSP-100-Charger-5V-2000mA-AC-Adapter-For-Sony-PSP-1001-2001-3001/203243014456,1610168815.9896905
https://www.ebay.com/itm/Crisis-Core-Final-Fantasy-VII-Sony-PSP-2008/353347409856,1610178127.4935746
https://www.ebay.com/itm/Monster-Hunter-Freedom-2-and-Freedom-Unite-Dual-Pack-PSP-New-Sony-PSP-Sony-PSP/402639438265,1610178129.3723252
https://www.ebay.com/itm/Up-PSP-New-Sony-PSP/383895487538,1610178130.8445833
https://www.ebay.com/itm/Pursuit-Force-2-Extreme-Justice-PSP-New-Sony-PSP/383895487442,1610178132.1365654
https://www.ebay.com/itm/Wipeout-Pure-PSP-New-Sony-PSP/383895487416,1610178133.394867
https://www.ebay.com/itm/Gilbertville-by-Gilbert-OSullivan-CD-2011-Hypertension-Eu-Import/143913093790,1610178134.7055752
https://www.ebay.com/itm/PSP-Grand-Theft-Auto-Vice-City-Stories-Sony-PSP-2006/224310075250,1610178136.002471
https://www.ebay.com/itm/PSP-WWE-SmackDown-vs-Raw-2008-ECW-Sony-PSP-UMD-Game-Only-Tested-Works/224310072606,1610178137.2987938
https://www.ebay.com/itm/Lumines-Sony-For-PSP-UMD-Puzzle-Game-Only-4E/203243054055,1610178138.5480125
https://www.ebay.com/itm/God-of-War-Chains-of-Olympus-PSP-2007-Vintage-Poster-Ad-Art-Print-Official-Promo/293947607091,1610178139.8981724
https://www.ebay.com/itm/TWISTED-METAL-HEAD-ON-PSP-2005-COMPLETE-SHIPS-FAST/393088941606,1610178141.2045074
https://www.ebay.com/itm/Resistance-Retribution-PSP-New-Sony-PSP/402639392891,1610178142.438792
https://www.ebay.com/itm/PSP-games-Namco-Museum-Battle-collection/133631853089,1610178143.690828
https://www.ebay.com/itm/MX-vs-ATV-On-the-Edge-Sony-PSP-2006-European-Version/363252118777,1610178145.1839752
https://www.ebay.com/itm/Daxter-Sony-PSP-2006-Disc-Only/124520078385,1610178146.42564
https://www.ebay.com/itm/GROWLANSER-Atlus-Japan-Version-PSP-SONY-Playstation-Portable/383895417526,1610178147.7699814
https://www.ebay.com/itm/Family-Guy-PSP-UMD-Video-Movie-The-Freakin-Sweet-Collection/124520077545,1610178149.0031943
https://www.ebay.com/itm/Alien-Syndrome-Sony-PSP-2007-European-Version/363252102788,1610178150.41655
https://www.ebay.com/itm/High-Speed-fsrdGT-Memory-Stick-Pro-HG-Duo-32GB-MS-HX32A-PSP-Accessories/133632329265,1610178151.6965966
https://www.ebay.com/itm/Mercury-Meltdown-Sony-PSP-2006-European-Version/363252095873,1610178153.0022936
https://www.ebay.com/itm/Midnight-Club-3-DUB-Edition-Sony-PSP-2005/363252095075,1610178154.276091
https://www.ebay.com/itm/Piposaru-Academia-Dossari-Sarugee-Daizenshu-PSP-the-Best-Japan-From-Japan/203243030627,1610178155.517826
https://www.ebay.com/itm/Spider-Man-Web-of-Shadows-PSP-New-Sony-PSP/383895389187,1610178156.777819
https://www.ebay.com/itm/Warn-Products-99944-ASSY-HOOK-STOP-PSP/203243027178,1610178158.0655
https://www.ebay.com/itm/Monster-Hunter-Freedom-Unite-Sony-PSP-2009/393088893138,1610178159.2726533
https://www.ebay.com/itm/Sony-PSP-Universal-Media-Disc-Case-Will-Hold-8-Games-Black-Fast-Shipping/274641642368,1610178160.6068206
https://www.ebay.com/itm/Sony-PlayStation-Portable-PSP-Black-3001-For-Parts-Or-Repair-No-Battery/224310510359,1610210172.0644565
https://www.ebay.com/itm/SONY-PSP-3001-CONSOLE-HANDHELD-GAME-W-1-GAME-RESISTANCE-FOR-PARTS-OR-REPAIRS/143913499337,1610212503.819104
https://www.ebay.com/itm/Sony-PSP-2001-Silver-For-Repair-or-Parts/203243601391,1610229649.411403
https://www.ebay.com/itm/Tenchu-Shadow-Assassins-PSP-New-Sony-PSP/383896332388,1610230507.9402156
https://www.ebay.com/itm/Chessmaster-PSP-New-Sony-PSP/402640047573,1610230509.2652214
https://www.ebay.com/itm/NBA-Live-08-Sony-PSP-Good-Sony-PSP-Sony-PSP-Video-Games/265008029900,1610230510.4758341
https://www.ebay.com/itm/Mashiroiro-Symphony-mutsu-no-hana-PSP-Playstation-Portable-Japan-Import/203243611304,1610230511.7664607
https://www.ebay.com/itm/Metro-PCS-Cell-Phone-Privacy-Screen-Protector-Kyocera-Hydro-Wave-PSP7184/154284815199,1610230513.0547028
https://www.ebay.com/itm/PSP-UMD-Movies/393089866559,1610230514.3646495
https://www.ebay.com/itm/Open-Season-Sony-PSP-2006/324447628733,1610230516.0462363
https://www.ebay.com/itm/NASCAR-Sony-PlayStation-Portable-PSP-Complete-Working/224310823277,1610230517.330192
https://www.ebay.com/itm/Ben-10-Alien-Force-Vilgax-Attacks-Sony-PSP-2009/254830324935,1610230518.5751863
https://www.ebay.com/itm/Disney-Cars-Sony-PSP-2006-PlayStation-Portable-Brand-New-Factory-Sealed/224310820820,1610230519.9230433
https://www.ebay.com/itm/Sims-2-Castaway-Sony-PSP-2007-PlayStation/224310818986,1610230521.2090194
https://www.ebay.com/itm/Pirates-of-the-Caribbean-At-Worlds-End-Sony-PSP-2007/303841452683,1610230522.495811
https://www.ebay.com/itm/Ace-Combat-X-Skies-of-Deception-Sony-PSP-2006-Complete/224310817192,1610230523.7955363
https://www.ebay.com/itm/Untold-Legends-Brotherhood-of-the-Blade-Sony-PSP-2005/184614388260,1610230525.0978901
https://www.ebay.com/itm/LEGO-Star-Wars-II-The-Original-Trilogy-Sony-PSP-2006/303841445021,1610230526.345202
https://www.ebay.com/itm/Crouching-Tiger-Hidden-Dragon-UMD-Video-For-PSP-Sealed/353348117681,1610230527.6189997
https://www.ebay.com/itm/Hellboy-Directors-Cut-UMD-Video-for-PSP-Sealed/224310799474,1610230529.0573804
https://www.ebay.com/itm/Lumines-Sony-PSP-2005/184614371702,1610230530.3377664
https://www.ebay.com/itm/PSP-The-Hustle-Detroit-Streets-No-Manual/265007985420,1610230532.1064882
https://www.ebay.com/itm/Blade-UMD-Video-For-Sony-PSP-Sealed/224310793168,1610230533.3982642
https://www.ebay.com/itm/Official-Genuine-OEM-5V-2000mA-AC-Adapter-Sony-PSP-PSP-100-Charger-Wall/174589597276,1610230534.6326406
https://www.ebay.com/itm/Casino-Royale-Sony-PSP-UMD-Video-Factory-Sealed/353348100041,1610230535.8868499
https://www.ebay.com/itm/Hannah-Montana-Rock-Out-the-Show-PSP-New-Sony-PSP/383896276294,1610230537.2654579
https://www.ebay.com/itm/Little-Big-Planet-Sony-PSP-Playstation-Portable-Complete-Tested/284142991790,1610230538.540539
https://www.ebay.com/itm/PSP-Need-for-Speed-ProStreet-Complete/293948506836,1610230539.9861453
https://www.ebay.com/itm/Jeanne-dArc-Sony-PSP-2007-TESTED-WORKS/383896268058,1610230541.2866166
https://www.ebay.com/itm/Official-Genuine-Sony-PSP-2000-3000-Component-AV-TV-Cable-PSP-S180-u-98550-NEW/224310774444,1610230542.5917459
https://www.ebay.com/itm/Marvel-Ultimate-Alliance-Sony-PSP-2006-No-Manual/303841412027,1610230543.8863955
https://www.ebay.com/itm/XXX-State-of-the-Union-UMD-For-PSP-2005-Sealed/224310769709,1610230545.1852856
https://www.ebay.com/itm/Archer-Macleans-Mercury-for-PSP/184614336420,1610230546.4636202
https://www.ebay.com/itm/LEGO-Star-Wars-II-The-Original-Trilogy-Sony-PSP-2006/303841410735,1610230547.7250712
https://www.ebay.com/itm/The-Amityville-Horror-UMD-For-PSP-3E/224310768151,1610230549.0030751
https://www.ebay.com/itm/Peter-Jacksons-King-Kong-PSP-Game-And-Case/303841409516,1610230550.2662182
https://www.ebay.com/itm/psp-memory-stick-4gb/114622027144,1610230612.6793907
https://www.ebay.com/itm/Broken-Sony-PSP-1001-Handheld-System-System-Only-NO-Battery-Missing-Parts/393089789967,1610235506.7325733
https://www.ebay.com/itm/PSP-A-Self-Improvement-Process-for-Software-Engineers-by-Watts-S-Humphrey/373423838665,1610268601.448672
https://www.ebay.com/itm/Naruto-Ultimate-Ninja-Heroes-Sony-PSP-2007-Game-Disc-Only/164636097311,1610268602.9912536
https://www.ebay.com/itm/Juiced-2-Hot-Import-Nights-PSP-New-Sony-PSP/402640490700,1610268604.3498466
https://www.ebay.com/itm/Tom-Clancys-EndWar-PSP-New-Sony-PSP/383896779775,1610268605.6477437
https://www.ebay.com/itm/UEFA-Champions-League-2006-2007-PSP-New-sony-psp/402640490650,1610268606.8664274
https://www.ebay.com/itm/Secret-Agent-Clank-Sony-PSP-2008-UMD-Only-Tested-Working/313376000916,1610268608.2658062
https://www.ebay.com/itm/Ease-vs-Sora-no-Kiseki-Alternative-Saga-Normal-Edition-PSP-Japanese-version/184614894343,1610268609.6034367
https://www.ebay.com/itm/Lemmings-Sony-PSP-2006-Case-and-Manual-only/293949027894,1610268610.9536035
https://www.ebay.com/itm/Tiger-Woods-PGA-Tour-Sony-PSP-2005/133632865165,1610268612.2240155
https://www.ebay.com/itm/Need-for-Speed-Underground-Rivals-Sony-PSP-2005/133632863233,1610268613.4489348
https://www.ebay.com/itm/Grand-Theft-Auto-Vice-City-Stories-Sony-PSP-2006-Complete-and-Tested/233853893899,1610268614.7336946
https://www.ebay.com/itm/Naruto-Shippuden-Legends-Akatsuki-Rising-PSP-New-Sony-PSP/383896728956,1610268615.999772
https://www.ebay.com/itm/Grand-Theft-Auto-Chinatown-Wars-PSP-New-Sony-PSP/402640465304,1610268617.2791762
https://www.ebay.com/itm/Kingdom-Hearts-Birth-by-Sleep-Sony-PSP-2010-Brand-New-Sealed/164636013338,1610268618.5210922
https://www.ebay.com/itm/Sony-PSP-1000-Black-No-Battery-Or-Charger-Not-Tested/193844089112,1610297250.21631
https://www.ebay.com/itm/Sony-PSP-3001-Piano-Black-Console-AS-IS-PARTS-ONLY-with-cable/224311423494,1610297252.253685
https://www.ebay.com/itm/SONY-PLAYSTATION-PORTABLE-PSP-PSP-2001-NO-BATTERY-UNTESTED-AS-IS/164636888049,1610307317.5485108
https://www.ebay.com/itm/Sony-PSP-For-Parts-Or-Repair-Doesn-t-Read-UMDs/174590946766,1610310383.7305634
https://www.ebay.com/itm/High-Speed-16GB-Memory-Stick-Pro-Duo-Mark2-For-Sony-PSP-Accessories-Cameras/324448576594,1610314247.9362211
https://www.ebay.com/itm/Grand-Theft-Auto-Chinatown-Wars-Sony-PSP-2009-Complete/254831228637,1610314249.2135224
https://www.ebay.com/itm/BRAND-NEW-Sealed-Invizimals-Shadow-Zone-w-Camera-For-PSP-Sony-PSP/393091173657,1610314250.525012
https://www.ebay.com/itm/Bleach-Heat-the-Soul-4-Sony-PSP-2007/164637048841,1610314251.7849367
https://www.ebay.com/itm/Silent-Hill-Origins-PlayStation-Portable-PSP-Complete-CIB/124522176246,1610314253.179068
https://www.ebay.com/itm/PSP-S110-Battery-for-Sony-PSP-2th-Silm-Lite-PSP-2000-PSP-3000-PSP-3004/143914314057,1610314254.6041753
https://www.ebay.com/itm/Ace-Combat-X-Skies-of-Deception-Sony-PSP-2006-Complete-Tested-Retro-Rated-T/324448565475,1610314255.8505337
https://www.ebay.com/itm/VG-Metal-Gear-Solid-Peace-Walker-PSP-2010-Complete-In-Box/402641027681,1610314257.0864387
https://www.ebay.com/itm/Tony-Hawks-Downhill-Jam-PS2-New-Sony-PSP/383897545761,1610314258.3190546
https://www.ebay.com/itm/VG-Resistance-Retribution-PSP-2009-Complete-In-Box/402641027302,1610314259.6218839
https://www.ebay.com/itm/VG-Metal-Gear-Solid-Portable-Ops-Sony-PSP-2006-Complete-In-Box/402641027065,1610314260.8777268
https://www.ebay.com/itm/Taito-Legends-Power-Up-PSP-Game/293949901700,1610314262.1740978
https://www.ebay.com/itm/New-Sealed-Sony-PSP-2000-Series-Headphones-Remote-Control-PSP-S140-U-98551/402641026229,1610314263.4779356
https://www.ebay.com/itm/New-Sealed-Sony-PSP-2000-Series-Component-AV-Cable-PSP-S180-U-98550/402641025235,1610314264.794711
https://www.ebay.com/itm/New-Sealed-Gran-Turismo-PSP-2009/402641024958,1610314266.141576
https://www.ebay.com/itm/Neopets-Petpet-Adventures-The-Wand-of-Wishing-Sony-PSP-New-Sealed/324448561429,1610314267.5181224
https://www.ebay.com/itm/Yu-Gi-Oh-Tag-Force-1-Sony-Playstation-Portable-PSP-Complete-JAPAN-Import/254831207457,1610314268.779946
https://www.ebay.com/itm/The-Sims-2-Dr-Dominic-No-Inbo-Sony-Portable-PSP-Complete-JAPAN-Import/254831207350,1610314270.1370726
https://www.ebay.com/itm/Makai-Senki-Disgaea-2-Sony-PSP-Complete-JAPAN-Import/254831207364,1610314271.5882087
https://www.ebay.com/itm/Yu-Gi-Oh-Tag-Force-4-Sony-Playstation-Portable-PSP-Complete-JAPAN-Import/353349170797,1610314272.9927974
https://www.ebay.com/itm/Valhalla-Knights-PSP-New-Sony-PSP/402641020043,1610314274.3660438
https://www.ebay.com/itm/Space-Invaders-Extreme-PSP-New-Sony-PSP/402641020004,1610314275.7142892
https://www.ebay.com/itm/Yu-Gi-Oh-Tag-Force-5-Sony-Playstation-Portable-PSP-Complete-JAPAN-Import/254831204442,1610314277.1458263
https://www.ebay.com/itm/Lord-Of-The-Rings-Tactics-Sony-PSP-Playstation-Portable-NEW-Sealed-MINT/353349167939,1610314278.6164472
https://www.ebay.com/itm/Sega-Genesis-Collection-Sony-PSP-Playstation-Portable-Complete-GREAT-Shape/254831204428,1610314280.3264399
https://www.ebay.com/itm/Tom-Clancys-Rainbow-Six-Vegas-Sony-PSP-Playstation-Portable-NEW-Sealed/284144014031,1610314281.7956486
https://www.ebay.com/itm/Blade-Dancer-Lineage-Of-Light-Sony-PSP-Playstation-Portable-Complete-Near-Mint/284144014050,1610314283.2914033
https://www.ebay.com/itm/Madden-11-Sony-PSP-Playstation-Portable-NEW-Sealed-MINT/353349167867,1610314284.6487164
https://www.ebay.com/itm/Crisis-Core-Final-Fantasy-VII-Sony-PSP-2008-Complete-with-Manual-Free-Ship/265009207235,1610314285.9846733
https://www.ebay.com/itm/Genuine-Sony-PSP-100-Charger-5V-2000mA-AC-Adapter-For-Sony-PSP-1001-2001-3001/284144120597,1610320166.5419862
https://www.ebay.com/itm/SANTANA-Spirits-Dancing-In-The-Flesh-JAPAN-CD-Papersleeve-SICP-2881-2010-NEW/254831334731,1610324085.276743
https://www.ebay.com/itm/2-Pcs-Crystal-Bells-Christmas-Crystal-Festive-Wind-Chime-Ornaments-Pendants-Jewe/284144161976,1610324086.7168128
https://www.ebay.com/itm/Psp-2-Game-Lot-Medal-Of-Honor-Heros-Socom-Bravo-2/373424536493,1610324087.990581
https://www.ebay.com/itm/Scarface-Money-Power-Respect-Sony-PSP-2006/313376802545,1610324089.2243166
https://www.ebay.com/itm/Spelling-Challenges-And-More-PSP-Game/293950063619,1610324090.4645548
https://www.ebay.com/itm/Grand-Theft-Auto-Chinatown-Wars-Sony-PSP-2009-Complete-with-poster-manual/393091320514,1610324091.7557862
https://www.ebay.com/itm/Hot-Shots-Golf-Open-Tee-Rainbow-Six-Vegas-Madden-NFL-08-Sony-PSP-Video-Game-Lot/174591239538,1610324092.9673707
https://www.ebay.com/itm/AV-TV-Cable-RCA-Audio-Video-Cable-for-Sony-PSP-Slim-2000-3000-Television-T1Y2/154286850994,1610324094.5685267
https://www.ebay.com/itm/Star-Wars-Battlefront-Renegade-Squadron-PSP-2007-Print-Ad-Poster-Official-Art/174591237802,1610324095.917203
https://www.ebay.com/itm/Socom-US-Navy-Seals-Fireteam-Bravo-Sony-PSP-2005-with-manual/154286845649,1610324097.2015243
https://www.ebay.com/itm/God-of-War-Chains-of-Olympus-Sony-PSP-2007-Game-Complete/274643649991,1610324098.4465196
https://www.ebay.com/itm/NBA-Live-06-Sony-PSP-2005-Excellent-Condition-Free-Shipping/124522309118,1610324099.7503994
https://www.ebay.com/itm/SARAH-BRIGHTMAN-Amalfi-Love-Songs-JAPAN-CD-TOCP-70770-2009-OBI/254831317315,1610324100.946145
https://www.ebay.com/itm/Medal-of-Honor-Heroes-2-Sony-PSP-CIB-Complete-Tested-Works-Free-Ship/143914812638,1610324102.1915884
https://www.ebay.com/itm/B-Boy-Sony-PSP-2008-video-game-Playstation-free-UMD-movie-Open-Water/114624088982,1610324103.4416876
https://www.ebay.com/itm/Grand-Theft-Auto-Vice-City-Stories-PSP-with-Poster-and-Pamphlet/124522305547,1610324104.7731795
https://www.ebay.com/itm/Tiger-Woods-PGA-Tour-08-Sony-PSP-2007-with-manual/154286834245,1610324106.0520391
https://www.ebay.com/itm/Official-OEM-Sony-PlayStation-Portable-PSP-Component-TV-Video-Cable/265009356552,1610324107.476547
https://www.ebay.com/itm/Marvel-Nemesis-Rise-Of-The-Imperfects-PSP-Game-Only/373424517520,1610324108.8559272
https://www.ebay.com/itm/Brain-trainer-portable-Sony-PSP-2005-Japanese-version-SEGA/383897667144,1610324110.1693408
https://www.ebay.com/itm/Grand-Theft-Auto-Liberty-City-Stories-Sony-Playstation-Portable-PSP-Complete/124522301696,1610324111.447705
https://www.ebay.com/itm/DICK-JENSEN-Dick-Jensen-JAPAN-CD-Papersleeve-EICP-1381-2010-NEW/265009354356,1610324112.7031207
https://www.ebay.com/itm/Exit-Sony-PSP-2006-with-manual/154286830505,1610324113.9284558
https://www.ebay.com/itm/Pipo-Saru-Academia-Sony-PSP-2004-Japanese-version-Sony-computer/383897665145,1610324115.1477485
https://www.ebay.com/itm/Ncaa-Football-09-PSP-Game/393091295038,1610324116.4499297
https://www.ebay.com/itm/SEGA-MIKU-HATSUNE-PROJECT-DIVA-2nd-Sony-PSP-2010-Japanese-version-SEGA/383897658517,1610324117.6999164
https://www.ebay.com/itm/LEGO-Star-Wars-II-The-Original-Trilogy-Sony-PSP-2006-Complete-TESTED/313376769089,1610324118.940829
https://www.ebay.com/itm/Pursuit-Force-2-Extreme-Justice-PSP-New-Sony-PSP/402641106468,1610324120.2209313
https://www.ebay.com/itm/SONY-PlayStation-Portable-PSP-2003-For-parts-or-Repair/114624181544,1610327736.2021344
https://www.ebay.com/itm/Sony-PSP-1001-PlayStation-Black-Used-No-Battery-or-Charger-WORKS/114624183361,1610327982.1736054
https://www.ebay.com/itm/PSP-ATARI-CLASSICS-EVOLVED-Gently-Used-Complete-with-Case-Booklet/164637398939,1610330981.4410555
https://www.ebay.com/itm/Jerry-Maguire-PSP-UMD-Video-Movie-2006-Comedy-Romance-Tom-Cruise/224312130281,1610330982.6983573
https://www.ebay.com/itm/Madden-NFL-10-PSP-CIB/114624227150,1610330984.1291435
https://www.ebay.com/itm/NFL-Street-3-Sony-PSP-Complete/393091426868,1610330986.8855617
https://www.ebay.com/itm/PSP-Game-Lot-Includes-7-Games-And-2-Disc-Holders/363254209265,1610330988.3670728
https://www.ebay.com/itm/Ratchet-Clank-Size-Matters-PSP-Playstation-Portable-2007-CIB-w-Manual/164637385244,1610330989.5861897
https://www.ebay.com/itm/Up-PSP-Game-Only/373424613379,1610330990.8934226
https://www.ebay.com/itm/MLB-06-The-Show-Sony-PSP-2006/174591328535,1610330992.1826656
https://www.ebay.com/itm/Mx-Vs-Atv-Unleashed-On-The-Edge-PSP-Game/393091420206,1610330993.4392688
https://www.ebay.com/itm/Over-The-Hedge-Hammy-Goes-Nuts-PSP-Game/373424610343,1610330994.7727642
https://www.ebay.com/itm/Superbad-UMD-2007-Unrated-Extended-Edition-UMD-Video-for-PSP-Used/164637379942,1610330996.0564537
https://www.ebay.com/itm/Brunswick-Pro-Bowling-Sony-PSP-2007/284144230462,1610330997.312259
https://www.ebay.com/itm/Fifa-Soccer-10-PSP-CIB/114624219761,1610330998.5678344
https://www.ebay.com/itm/Wipeout-Pulse-Sony-PSP-2008-Complete-Cib/363254207061,1610330999.8295844
https://www.ebay.com/itm/10-Playstation-Store-USD-Card-Psn-US-store-Instant-Code-PS4-PS3-inbox-delivery/402641226574,1610331001.0768514
https://www.ebay.com/itm/FIFA-Street-2-Sony-PSP-2006-Complete/284144223568,1610331002.329819
https://www.ebay.com/itm/Call-of-Duty-Roads-to-Victory-Sony-PSP-2007-Complete/164637375635,1610331003.6667914
https://www.ebay.com/itm/Dissidia-Final-Fantasy-Sony-PSP-2009-Brand-New-Sealed/203244629780,1610331004.8829942
https://www.ebay.com/itm/House-of-1000-Corpses-2005-Rob-Zombie-Film-PSP-UMD-Video-Movie-Horror-Slasher/224312109204,1610331006.1620576
https://www.ebay.com/itm/Dungeons-Dragons-Tactics-PSP-2007-Print-Ad-Poster-Official-RPG-Promo-Art-Rare/174591319755,1610331007.3924131
https://www.ebay.com/itm/Dungeon-Maker-Hunting-Ground-PSP-2007-Print-Ad-Poster-Official-RPG-Promo-Art/174591318949,1610331008.6957624
https://www.ebay.com/itm/Marvel-Ultimate-Alliance-2-Sony-PSP-2009-with-Manual-CIB/373424594915,1610331010.020808
https://www.ebay.com/itm/SOCOM-U-S-Navy-SEALs-Tactical-Strike-PlayStation-Portable-2007-visit-my-store/393091400481,1610331011.2828054
https://www.ebay.com/itm/UMD-Tiger-Woods-PGA-Tour-10-Sony-PSP-2009-loose/363254196145,1610331012.6366887
https://www.ebay.com/itm/Riviera-The-Promised-Land-GBA-PSP-2005-Print-Ad-Poster-Official-RPG-Promo-Art/174591317717,1610331013.9162786
https://www.ebay.com/itm/Medal-of-Honor-Heros-2-PSP/184616142356,1610331015.1811097
https://www.ebay.com/itm/MLB-08-The-Show-Sony-PSP-2008/363254192656,1610331016.4460592
https://www.ebay.com/itm/Metal-Gear-Solid-Peace-Walker-PSP-New-Sony-PSP/402641210457,1610331017.7888389
https://www.ebay.com/itm/Sony-PSP-3001-Silver-For-Repair-or-Parts/203244673311,1610335428.9390917
https://www.ebay.com/itm/Sony-PSP-Piano-Black-Console-AS-IS-PARTS-ONLY/224312209682,1610337875.8184438
https://www.ebay.com/itm/PSP-Infected-No-Manual/124522613655,1610349492.6096485
https://www.ebay.com/itm/24pcs-Chevrolet-Chrome-Conical-Seat-14x1-5-Wheel-Lug-Nuts-Bulge-Acorn-For-Chevy/143915031732,1610349494.6627283
https://www.ebay.com/itm/24pcs-Chevrolet-Chrome-Conical-Seat-14x1-5-Wheel-Lug-Nuts-Bulge-Acorn-For-Chevy/143915031100,1610349495.998602
https://www.ebay.com/itm/World-Series-Of-Poker-2008-Payout-Poker-Casino-PlayStation-PSP-Video-Games/124522594465,1610349497.3939447
https://www.ebay.com/itm/Castlevania-The-Dracula-X-Chronicles-Sony-PSP-UMD-GAME-ONLY/324448975688,1610349498.7384584
https://www.ebay.com/itm/PSP-Ridge-Racers-2-KOREAN-VERSION-Playstation-Portable/224312295630,1610349500.108439
https://www.ebay.com/itm/WIPEOUT-PURE-FOR-SONY-PSP-PLAYSTATION-PORTABLE-Game-Favorite-UMD-w-booklet/203244775741,1610349501.417668
https://www.ebay.com/itm/Project-diva-accessory-set-psp-Boxed-Original-Japan/313376986273,1610349502.6570387
https://www.ebay.com/itm/Guilty-Gear-Judgment-Sony-PSP-2006-Complete-Excellent-Condition-Factory-Case/224312254977,1610349504.0433412
https://www.ebay.com/itm/SOCOM-US-NAVY-SEALS-FIRETEAM-BRAVO-2-PSP-Playstation-Portable-Complete-Good/265009654594,1610349505.269671
https://www.ebay.com/itm/Samurai-Warriors-State-Of-War-PSP-New-Sony-PSP/402641452444,1610349506.7494013
https://www.ebay.com/itm/Crisis-Core-Final-Fantasy-VII-Sony-PSP-2008-UMD-Disc-Only-Tested-Game/313376972511,1610349509.7739916
https://www.ebay.com/itm/BRAND-NEW-SEALED-Ben-10-Ultimate-Alien-Cosmic-Destruction-Sony-PSP/265009647282,1610349511.0331151
https://www.ebay.com/itm/PSP-Remote-Control-Spiderman-2-Movie-PSP/293950302400,1610349512.3335178
https://www.ebay.com/itm/Lara-Croft-Tomb-Raider-Legend-Sony-PSP-Game-Used-NO-manual/174591446402,1610349513.7117488
https://www.ebay.com/itm/PSP-Playstation-Portable-UMD-Movies-Boogeyman-The-Backyard-etc/224312236673,1610349515.0594869
https://www.ebay.com/itm/Talladega-Nights-The-Ballad-of-Ricky-Bobby-UMD-Movie-2006-Video-for-Sony-PSP/333853782673,1610349516.3088243
https://www.ebay.com/itm/MX-VS-ATV-ON-THE-EDGE-Sony-PSP-2006-COMPLETE-TESTED/193844696949,1610349517.5372877
https://www.ebay.com/itm/Activision-Hits-Remixed-PSP-Game/393091570346,1610349518.8856437
https://www.ebay.com/itm/4Pairs-Christmas-Stockings-Stylish-Combined-Thermal-Autumn-Middle-Holiday-Socks/265009616994,1610349520.1444557
https://www.ebay.com/itm/Coded-Arms-Contagion-Sony-PSP-2007-UMD-DISC-ONLY-TESTED-WORKS/174591432727,1610349521.4257624
https://www.ebay.com/itm/BUTTON-ISSUE-PSP-1000-Fat-White-Japan-Ver-Sony-Console-Handheld/254831867176,1610383808.519752
https://www.ebay.com/itm/Sony-PSP-1001-FOR-PARTS-NOT-WORKING-AS-IS/284145025201,1610395286.3029857
https://www.ebay.com/itm/Genuine-Sony-PSP-100-Charger-5V-2000mA-AC-Adapter-For-Sony-PSP-1001-2001-3001/203245482356,1610396697.7126813
https://www.ebay.com/itm/Sony-PSP-3001-Piano-Black-Console-AS-IS-PARTS-ONLY-with-cable/224313174917,1610400252.5124946
https://www.ebay.com/itm/Sony-PSP-3001-Piano-Black-Console-AS-IS-with-cable/224313174917,1610400437.818562
https://www.ebay.com/itm/Sony-PSP-3001-Console-Only-Cracked-LCD-No-Battery-For-Parts-Or-Repair-A-4/164639365284,1610423400.9217098
https://www.ebay.com/itm/4-3-8GB-Handheld-Retro-PSP-Video-Game-Console-Built-In-10000-Games-Kids-Gift/133635169525,1610442007.260376
https://www.ebay.com/itm/Sony-PSP-100-Charger-5V-AC-Adapter-For-Sony-PSP/224313719981,1610446596.3239849
https://www.ebay.com/itm/GENUINE-Sony-Playstation-Portable-PSP-1001-Console-No-memory-card-or-battery/124524416861,1610467154.2903574
https://www.ebay.com/itm/PSP-Original-Fat-Sony-PSP-3001-BOX-ONLY-NO-CONSOLE-Authentic/353350904452,1610467175.6809103
https://www.ebay.com/itm/SONY-Psp-1001-Console-Only-For-Parts-or-Repair-NOT-WORKING/154289223667,1610467973.6905224
https://www.ebay.com/itm/Sony-PSP-3000-Silver-Handheld-System-2gb-Memory-Card-As-Is-Repairs-or-Parts/324450722652,1610477410.7663555
https://www.ebay.com/itm/Sony-PlayStation-Portable-Black-PSP-1001-Not-Working-Parts-Repair/174593670351,1610484331.2947953
https://www.ebay.com/itm/New-Original-Sony-PSP-Playstation-Portable-Faux-Leather-Wrist-Strap/154289900467,1610496536.7543933
https://www.ebay.com/itm/Sony-PlayStation-Portable-PSP-Black-PSP-1001-Not-Working-For-Parts-Repair/114627607084,1610498374.6509364
https://www.ebay.com/itm/LOT-of-2-Playstation-Portable-PSP-Console-AS-IS-FOR-PARTS-OR-REPAIR/333855796801,1610501986.625791
https://www.ebay.com/itm/Sony-PSP-1001-Handheld-System-Console-with-Cracked-Screen-For-Parts-or-Repair/133636035501,1610516501.2872233
https://www.ebay.com/itm/Sony-PSP-100-Charger-5V-AC-Adapter-For-Sony-PSP-1001-2001-3001-Genuine-OEM/313379349042,1610521270.6846468
https://www.ebay.com/itm/Sony-PlayStation-Portable-PSP-1000-PSP-1006-model-AS-IS-No-power-on-JUNK-READ/265013026037,1610560219.7106445
https://www.ebay.com/itm/Sony-PSP-Megaman-Mega-Man-Maverick-Hunter-X-BOX-ONLY-NO-GAME-USED/313380002015,1610562668.4372349
https://www.ebay.com/itm/Astonishia-Story-PSP-Sony-RARE-GAME-CASE-TESTED-FAST-SHIPPER/393095167538,1610562669.94955
https://www.ebay.com/itm/Planet-of-the-Apes-UMD-for-PSP/313379999182,1610562671.3220856
https://www.ebay.com/itm/PSP-SOCOM-U-S-Navy-SEALs-Fireteam-Bravo-2-Complete/265013059248,1610562672.7058835
https://www.ebay.com/itm/Tales-of-Destiny-2-PSP-Japanese-Import-JP-Japan-Namco-Sony-Portable-US-Seller/333856533480,1610562673.947605
https://www.ebay.com/itm/Conception-PSP-Japan-Import-US-SELLER/333856530150,1610562675.168987
https://www.ebay.com/itm/Yuusha-DoesnT-Kuse-Ni-Namaikida-Or-3D-Psp-INV-5717/224315265649,1610562676.5009851
https://www.ebay.com/itm/Mega-Man-Powered-Up-PSP-New-Sony-PSP/383901481347,1610562677.8285034
https://www.ebay.com/itm/PSP-Pre-Loaded-Memory-Stick-32GB/254833933849,1610562679.1246169
https://www.ebay.com/itm/Sony-PSP-Headset-with-Remote-Control-Sony-Brand-2008-PSP-2000-RARE-COMPLETE-Box/174594753933,1610562680.4071872
https://www.ebay.com/itm/Black-Rock-Shooter-The-Game-PSP-Japanese-Import-Sony-BRS-Japan-JP-US-Seller-B/333856527201,1610562681.7360036
https://www.ebay.com/itm/2nd-Super-Robot-Wars-Z-2-Saisei-hen-Playstation-PSP-Japan-import-US-Seller/333856525324,1610562683.301562
https://www.ebay.com/itm/Patapon-Sony-PSP-Brand-New-Fast-Shipping/274646413709,1610562684.6298099
https://www.ebay.com/itm/video-game-lot-PS2-NES-XBOX360-PSP-21-GAMES-Shinobi-Perfect-Dark-Zero-READ/313379947803,1610562685.879426
https://www.ebay.com/itm/Netgear-ADSL2-Modem-DM111PSP-v2-Includes-Ethernet-and-Power-Cables/184619900066,1610562687.1678858
https://www.ebay.com/itm/Secret-Agent-Clank-Sony-PSP-2008-Brand-New-Sealed-Exellent/254833924462,1610562688.412646
https://www.ebay.com/itm/Sony-PSP-LEGO-Indiana-Jones-The-Original-Adventures-BRAND-NEW-SEALED/254833912377,1610562689.7548673
https://www.ebay.com/itm/PSP-Star-Wars-Battlefront-RENEGADE-SQUADRON-Video-Game-Playstation-Portable/193848505793,1610562691.0380886
https://www.ebay.com/itm/USB-Charger-Charging-Cable-For-Sony-PS-Vita-Data-Sync-Charge-Lead-PSV-PSP-Vita/353352632827,1610562692.408958
https://www.ebay.com/itm/Locoroco-2-Loco-Roco-Sony-PSP-Playstation-Portable-2006-US-Y-Folds-NEW-SEALED/233858304594,1610562693.7359354
https://www.ebay.com/itm/EyePet-with-Camera-PSP-New-Sony-PSP-Sony-PSP/383901409221,1610562695.0476477
https://www.ebay.com/itm/Metal-Gear-Solid-Portable-Ops-Plus-PSP-New-Sony-PSP/383901409220,1610562696.3293066
https://www.ebay.com/itm/Astro-Boy-The-Video-Game-PSP-New-Sony-PSP/383901409041,1610562697.6109157
https://www.ebay.com/itm/SOCOM-U-S-Navy-SEALs-Fireteam-Bravo-2-Sony-PSP-2006/353352622101,1610562698.9230287
https://www.ebay.com/itm/PSP-Secret-Saturdays-Beasts-of-the-5th-Sun-Complete/265012971347,1610562700.1306198
https://www.ebay.com/itm/Sony-PlayStation-Portable-Blue-PSP-2001-for-Parts-or-Repair/293954169446,1610566557.4818666
https://www.ebay.com/itm/PSP-Shrek-the-Third-Complete/265013149421,1610567660.3388073
https://www.ebay.com/itm/Tony-Hawks-Project-8-Sony-PSP-2006-Complete-Preowned/174594895902,1610567661.6334934
https://www.ebay.com/itm/SONY-PSP-NEED-FOR-SPEED-SHIFT-NEW-IN-SLEEVE/383901616661,1610567662.955254
https://www.ebay.com/itm/Brothers-in-Arms-D-Day-2006-PSP-Complete-W-Manual-CIB-VGC-TESTED/184620040149,1610567664.2925687
https://www.ebay.com/itm/Starship-Troopers-UMD-for-PSP/313380046636,1610567665.67168
https://www.ebay.com/itm/Spider-Man-2-UMD-for-PSP/193848607047,1610567666.931729
https://www.ebay.com/itm/Black-Hawk-Down-UMD-for-PSP/114629078713,1610567668.2045453
https://www.ebay.com/itm/Bill-and-Teds-Excellent-Adventure-UMD-for-PSP/193848606960,1610567669.5196052
https://www.ebay.com/itm/Tony-Hawks-Project-8-Sony-PSP/313380046229,1610567670.9220736
https://www.ebay.com/itm/Tom-Clancys-End-War-Sony-Playstation-PSP-2008-Video-Game-Complete/154291136222,1610567672.2342587
https://www.ebay.com/itm/Thrillville-Off-The-Rails-Sony-PSP-2007-PSP-Video-Game/154291135958,1610567673.5032182
https://www.ebay.com/itm/Night-Songs-by-Cinderella-CD-May-2010-Mercury/265013103571,1610567674.7545578
https://www.ebay.com/itm/Madden-NFL-2008-PSP-New-Sony-PSP/402644692820,1610567676.0559688
https://www.ebay.com/itm/Atari-Classics-Evolved-for-Sony-PlayStation-Portable-Complete-w-Manual-PSP-CIB/274646459133,1610567677.3760877
https://www.ebay.com/itm/NBA-2K12-Sony-PSP-2011-Complete-Cib/274646458078,1610567678.6177914
https://www.ebay.com/itm/Final-Fantasy-Tactics-The-War-Of-The-Lions-Sony-PSP-Complete-CIB/393095176794,1610567679.8832898
https://www.ebay.com/itm/Twisted-Metal-Head-On-PSP-Game/265013087876,1610567681.3303661
https://www.ebay.com/itm/MLB-09-The-Show-For-Sony-Playstation-Portable-PSP/124526362896,1610567682.6511612
https://www.ebay.com/itm/Napoleon-Dynamite-Sony-PSP/124526362869,1610567683.9430685
https://www.ebay.com/itm/ID759z-10cc-Classic-Love-Songs-PSP-001-vinyl-7-uk/324451726770,1610567685.2210643
https://www.ebay.com/itm/Rush-Sony-PSP-2006-CIB-Complete-w-Manual-Tested-Working/303846304372,1610567686.5590572
https://www.ebay.com/itm/Sony-PSP-2001-Silver-For-Repair-or-Parts-UNTESTED/393095291085,1610571850.4897964
https://www.ebay.com/itm/Sony-PSP-100-Charger-5V-AC-Adapter-For-Sony-PSP-OEM-product/114629232235,1610573077.6953607
https://www.ebay.com/itm/Sony-PSP-2001-PlayStation-Portable-Console-Piano-Black-For-Parts-Or-Repair/254834907695,1610667596.9669995
https://www.ebay.com/itm/Sony-PSP-1001-Black-For-Parts-Repair-GripShift-Game/143918130442,1610667600.8080268
https://www.ebay.com/itm/Sony-PSP-PlayStation-Portable-PSP-1001-FOR-PARTS/363259097839,1610670482.1741736
https://www.ebay.com/itm/Sony-PlayStation-Portable-Black-PSP-1001-Not-Working-Parts-Repair/174596665703,1610673736.7176828
https://www.ebay.com/itm/B695-Sony-PSP-2000-console-Lavender-Purple-Handheld-system-Japan-sx/274647752519,1610677476.2685883
https://www.ebay.com/itm/B713-Sony-PSP-3000-console-Piano-Black-Handheld-system-Japan-sx/373428789101,1610677477.8551311
https://www.ebay.com/itm/B718-Sony-PSP-3000-console-Piano-Black-Handheld-system-JUNK-for-parts/233860064282,1610677540.6314628
https://www.ebay.com/itm/B709-Sony-PSP-3000-console-Piano-Black-Handheld-system-Japan-snx/274647752508,1610677542.024731
https://www.ebay.com/itm/B710-Sony-PSP-3000-console-Piano-Black-Handheld-system-Japan-sx/373428789103,1610677604.394356
https://www.ebay.com/itm/B708-Sony-PSP-3000-console-Piano-Black-Handheld-system-Japan-sx/233860064226,1610677605.800853
https://www.ebay.com/itm/B715-Sony-PSP-3000-console-Piano-Black-Handheld-system-Japan-snx/274647752506,1610677607.1985128
https://www.ebay.com/itm/B717-Sony-PSP-3000-console-Piano-Black-Handheld-system-Japan-snx/373428789090,1610677608.8944373
https://www.ebay.com/itm/B681-Sony-PSP-1000-console-Piano-Black-x-White-Handheld-system-Japan-x/373428789100,1610677610.2257028
https://www.ebay.com/itm/B716-Sony-PSP-3000-console-Piano-Black-Handheld-system-Japan-snx/373428789096,1610677672.5760012
https://www.ebay.com/itm/Sony-PlayStation-Portable-PSP-Black-PSP-1001-Not-Working-For-Parts-Repair/193850248597,1610691684.4073708
https://www.ebay.com/itm/OEM-Genuine-Sony-PSP-PDEL-100-PSP-100-CECH-ZAC2-Charger-Adapter/353354374038,1610698414.601236
https://www.ebay.com/itm/2-PSP-For-Parts-Or-Repair/114632563525,1610737327.2126522
https://www.ebay.com/itm/BROKEN-Sony-PlayStation-Portable-PSP-Black-PSP-1001-AS-IS-READ/265015477711,1610739043.8562953
https://www.ebay.com/itm/16GB-Sony-OEM-Memory-Card-MS-Pro-Duo-for-Sony-PSP-Sony-Cameras-Video-Devices/184622884648,1610745420.2935114
https://www.ebay.com/itm/Ape-Escape-On-the-Loose-Sony-PSP-2005-US-Manual-Included-Tested/254835749224,1610745421.9730666
https://www.ebay.com/itm/Metal-Gear-Solid-Portable-Ops-PSP-Game/143919153470,1610745423.297978
https://www.ebay.com/itm/Namco-Museum-Battle-Collection-Sony-PSP-2005-US-Manual-Included-Tested/254835748179,1610745424.6148949
https://www.ebay.com/itm/Death-Jr-Sony-PSP-2005-US-Manual-Included-Tested/254835747630,1610745425.8693254
https://www.ebay.com/itm/PlayStation-Portable-NBA-Live-10-Sony-PSP-2009-CLEAN-TESTED/353355093366,1610745427.1195953
https://www.ebay.com/itm/Michael-Jackson-The-Experience-Sony-PSP-2010/284149103459,1610745428.3602312
https://www.ebay.com/itm/WWE-SmackDown-vs-Raw-2006-PSP/353355092653,1610745429.6050823
https://www.ebay.com/itm/WTF-Work-Time-Fun-Sony-PSP-2006-US-Manual-Included-Tested/254835743577,1610745430.8469512
https://www.ebay.com/itm/Sonic-Rivals-Sony-PSP-2006-US-Manual-Included-Tested/254835742808,1610745432.0896268
https://www.ebay.com/itm/Crush-Sony-PSP-2007-US-Manual-Included-Tested/254835740962,1610745433.3506804
https://www.ebay.com/itm/Harvey-Birdman-PSP-New-Sony-PSP-Sony-PSP/383904604218,1610745434.721164
https://www.ebay.com/itm/Hot-Shots-Golf-PSP-New-sony-psp/402647283310,1610745435.9690335
https://www.ebay.com/itm/ATV-Offroad-Fury-Pro-Sony-PSP-2006-Complete-With-Manual/313383150840,1610745437.2075038
https://www.ebay.com/itm/Capcom-Classics-Collection-Remixed-Sony-PSP-Playstation-Portable-Complete-Tested/254835733795,1610745438.5772002
https://www.ebay.com/itm/Warriors-Orochi-Sony-PSP-Tested-Complete/203249077104,1610745439.8637924
https://www.ebay.com/itm/Spider-Man-Web-Of-Shadows-Amazing-Allies-Edition-PSP-Game-Only-No-Case/154293624712,1610745441.4820886
https://www.ebay.com/itm/PSP-1001-Crazy-Taxi-Fare-Wars-game/313383144273,1610745444.6200733
https://www.ebay.com/itm/Star-Wars-Battlefront-II-2-Sony-PSP-2005-Complete-Tested/203249075687,1610745445.841099
https://www.ebay.com/itm/Dead-Head-Fred-Sony-PSP-2007-CIB-With-Manual/154293622464,1610745447.1279275
https://www.ebay.com/itm/Army-of-Two-The-40th-Day-Sony-PSP-2010-CIB-With-Manual/154293619846,1610745448.4110286
https://www.ebay.com/itm/Indiana-Jones-and-the-Staff-of-Kings-Sony-PSP/383904398504,1610745449.6879864
https://www.ebay.com/itm/Cars-2-Sony-PSP-2011-CIB-With-Manual-Broken-Case-Clip/154293616847,1610745450.962228
https://www.ebay.com/itm/Crash-Tag-Team-Racing-PSP-CIB-With-Manual/154293615168,1610745452.603219
https://www.ebay.com/itm/50-Cent-Bulletproof-G-Unit-Edition-For-Sony-PlayStation-Portable-PSP/154293613771,1610745453.8230782
https://www.ebay.com/itm/Madden-NFL-12-Sony-PSP-2011-Football-Game-Complete-w-Manual-Free-Shipping/193851275125,1610745455.0981634
https://www.ebay.com/itm/Dissidia-Final-Fantasy-Sony-PSP-2009/184622826172,1610745456.3596478
https://www.ebay.com/itm/2pcs-in-1-Set-Bride-Garter-Elegant-Pearl-Bridal-Elastic-Thigh-Ring-for-Wedding/143919103555,1610745457.6127293
https://www.ebay.com/itm/Ghost-Rider-Sony-PSP-2007-Game-Only/324453808167,1610745458.8522978
https://www.ebay.com/itm/Pa-Pennsylvania-State-Police-NEW-Obsolete-PSP-Aviation-Trooper-Uniform-Patch/164644431920,1610745460.097231
https://www.ebay.com/itm/PSP-Games-Lot/203249048809,1610745461.3573992
https://www.ebay.com/itm/Wipeout-Pure-Sony-PSP-2005-Complete-With-Manual/313383079510,1610745462.5896666
https://www.ebay.com/itm/Grand-Theft-Auto-Vice-City-Stories-Sony-PSP-Complete-Tested/203249045038,1610745463.8980887
https://www.ebay.com/itm/VIDEO-GAME-SECRETS-PLAYSTATION-2-3-PSP-XBOX-360-NINTENDO-DS-WII-CUBE-GAME-BOY/274648692391,1610745465.1998131
https://www.ebay.com/itm/LEGO-INDIANA-JONES-2-THE-ADVENTURE-CONTINUES-SONY-PSP-2009-FREE-SHIPPING/274648692327,1610745466.4550188
https://www.ebay.com/itm/Psp-1001-Parts-Only/324453923156,1610749873.5010438
https://www.ebay.com/itm/Psp-1001-for-Parts-Only/324453924451,1610749997.5453916
https://www.ebay.com/itm/Psp-3001-For-Parts-Only/324453926144,1610750182.5142577
https://www.ebay.com/itm/SONY-PSP-3001-BLACK-SONY-BROKEN-SCREEN-TURNS-ON-NO-BATTERY-NO-MEMORY-REPAIR/114632922513,1610752755.5527947
